Item ID,Price
1 X I7 Glass,0.30 
1 x I8 Black Zinc,0.35 
1 X I8 Glass,0.30 
1 x I8 Plus Black Zinc,0.35 
1 X I8 Plus Glass,0.29 
1 x IP 10 Black Zinc,0.35 
1 x IP Xs Glass Red,0.34 
1 x IP Xs Glass RGold,0.34 
1 X IP Xs Max Glass,0.30 
1 X J32018 Glass,0.30 
1 X LgStylo3 Glass,0.35 
1 X LgStylo3 Glass1,0.35 
1 x MotoG6 Play Glass,0.35 
1 X MotoZ2 Play Glass,0.35 
1 X MotoZ2 Play Glass1,0.35 
1 X Note 9 Glass,0.40 
1 X Note8 Glass,0.40 
1 X s7 edge Glass,0.40 
1 X S8 Glass,0.40 
1 X S8 Plus Glass,0.40 
1 X S9 Glass,0.40 
1 X S9 Plus Glass,0.40 
1 X ZTE MAX XL glass,0.35 
1 X zte z982 glass,0.35 
1x galaxy s8 Glass,0.40 
1x galaxy s9 Plus Glass,0.40 
1X I7 Glass,0.29 
1x IP Xs Black Glass,0.34 
1x IP Xs Glass Gold,0.34 
1x IP Xs white Glass,0.34 
1x J32017 Glass,0.30 
1x J32017 Glass1,0.30 
1x J32017 Glass3,0.30 
1x J32017 Glass4,0.30 
1x J32017 Glass5,0.30 
1X J32018 Glass2,0.30 
1X J32018 Glass4,0.30 
1X J32018 Glass7,0.30 
1x J72018 Glass,0.34 
1x J72018 Glass 1,0.34 
1x J72018 Glass 2,0.34 
1x J7207 Glass,0.30 
1x J7207 Glass1,0.30 
1x J7207 Glass2,0.30 
1x J7207 Glass3,0.30 
1x J7207 Glass4,0.30 
1x J7207 Glass5,0.30 
1x J7207 Glass6,0.30 
1x J7207 Glass7,0.30 
1X LG Stylo 4 Clear Glass,0.30 
1X LG Stylo 4 Clear Glass1,0.30 
1X LgK20 Glass,0.35 
1X LgK20 Glass1,0.35 
1X LgK20 Glass3,0.35 
1X LGQ7 Glass (2pcs),0.40 
1X LGQ7 Glass (2pcs)1,0.40 
1X LGQ7 Glass 1,0.35 
1X LGXPower2 Glass,0.35 
1X MotoE4 Glass,0.34 
1X MotoE4 Plus Glass,0.34 
1x MotoE5 Play Glass,0.30 
1x MotoE5 Play Glass1,0.30 
1x Note 8 Glass,0.40 
1x Note 9 Glass,0.40 
1X Revvl Glass,0.35 
1x S9 Glass,0.40 
1x S9 Plus Glass,0.40 
1X ZteMaven3 Glass,0.35 
2 x I7 Plus Black Zinc,0.49 
2 X I7 Plus Glass,0.40 
2 X I8 Glass,0.40 
2 x I8 Plus Black Zinc,0.49 
2 X I8 Plus Glass,0.40 
2 x IP 10 Black Zinc,0.49 
2 X IP X Glass,0.31 
2 x IP X Glass Black,0.50 
2 x IP X Glass Gold,0.50 
2 x IP X Glass RGold,0.50 
2 x IP X Glass White,0.50 
2 X IP Xr Glass,0.35 
2 X IP Xs Glass,0.35 
2 X IP Xs Max Glass,0.35 
2 x LG V30 Glass,0.60 
2 x LG V30 Glass1,0.60 
2 x LG V30 Glass2,0.60 
2 x LG V30 Glass3,0.60 
2 X LgStylo3 Glass,0.49 
2 X LgStylo3 Glass1,0.49 
2 x MotoG6 Play Glass,0.50 
2 X MotoZ2 Play Glass,0.50 
2 X MotoZ2 Play Glass2,0.50 
2 X Note 8 Glass,0.59 
2 x Revvl Plus Glass,0.49 
2 X s8 Glass,0.60 
2 X s8 Plus Glass,0.60 
2 X S9 Glass,0.60 
2 X s9 Plus Glass,0.60 
2 X zte z982 glass,0.49 
2X I7 Glass,0.35 
2x I8 Plus Glass,0.35 
2X IP 6s Glass,0.35 
2X IP 6s Plus Glass,0.31 
2X IP 7 Glass,0.31 
2X IP 7 Glass Black,0.50 
2X IP 7 Glass Gold,0.50 
2X IP 7 Glass Red,0.50 
2X IP 7 Glass RGold,0.50 
2X IP 7 Glass White,0.50 
2X IP 7Plus Glass Black,0.50 
2X IP 7Plus Glass Gold,0.50 
2X IP 7Plus Glass Red,0.50 
2X IP 7Plus Glass RGold,0.50 
2X IP 8 Glass Black,0.50 
2X IP 8 Glass Gold,0.50 
2X IP 8 Glass Red,0.50 
2X IP 8 Glass RGold,0.50 
2X IP 8 Glass White,0.50 
2X IP 8 Plus Glass,0.31 
2X IP 8Plus Glass Black,0.50 
2X IP 8Plus Glass Gold,0.50 
2X IP 8Plus Glass Red,0.50 
2X IP 8Plus Glass RGold,0.50 
2X IP 8Plus Glass White,0.50 
2X IP XR Glass,0.31 
2X IP XS Glass,0.31 
2x IP Xs Glass Gold,0.50 
2X IP XS Max Glass,0.31 
2x J32017 Glass,0.40 
2x J32017 Glass1,0.40 
2x J32017 Glass3,0.40 
2x J32017 Glass4,0.40 
2x J32017 Glass5,0.40 
2X J32018 Glass3,0.40 
2x J72018 Glass,0.50 
2x J72018 Glass 1,0.50 
2x J72018 Glass 2,0.50 
2x J7207 Glass,0.40 
2x J7207 Glass1,0.40 
2x J7207 Glass2,0.40 
2x J7207 Glass4,0.40 
2x J7207 Glass5,0.40 
2x J7207 Glass6,0.40 
2x J7207 Glass7,0.40 
2X LG Stylo 4 Clear Glass1,0.40 
2X LgK20 Glass,0.49 
2X LgK20 Glass2,0.49 
2X LGQ7 Glass,0.50 
2X LGQ7 Glass (2pcs)1,0.50 
2X MotoE4 Glass,0.49 
2X MotoE4 Plus Glass,0.49 
2x MotoE5 Play Glass,0.40 
2x MotoE5 Play Glass1,0.40 
2x Note 9 Glass,0.60 
2X Revvl Glass,0.49 
2x S9 Glass,0.60 
2X ZteMaven3 Glass,0.50 
2x ZTEX4 Glass,0.49 
2x ZTEX4 Glass1,0.49 
3 in 1 selector 5 oz,0.57 
3 X I7 Glass,0.45 
3 x I7 Plus Black Zinc,0.60 
3 X I7 Plus Glass,0.47 
3 X I8 Glass,0.47 
3 X I8 Plus Glass,0.47 
3 x IP 7 Glass Black,0.60 
3 x IP 7 Glass Gold,0.60 
3 x IP 7 Glass Red,0.60 
3 x IP 7 Glass RGold,0.60 
3 x IP 7Plus Glass Black,0.60 
3 X IP Xr Glass,0.45 
3 X IP Xs Glass,0.45 
3 x IP Xs Glass Red,0.60 
3 x IP Xs Glass RGold,0.60 
3 X IP Xs Max Glass,0.45 
3 x LG V30 Glass,0.77 
3 x LG V30 Glass1,0.77 
3 x LG V30 Glass2,0.77 
3 x LG V30 Glass3,0.77 
3 X LgStylo3 Glass,0.59 
3 X LgStylo3 Glass1,0.59 
3 x MotoG6 Play Glass,0.60 
3 X MotoZ2 Play Glass,0.57 
3 X Note 4 Glass,0.47 
3 X Note 8 Glass,0.74 
3 X Note 9 Glass,0.77 
3 x Revvl Plus Glass,0.59 
3 X S9 Glass,0.75 
3 X zte z982 glass,0.59 
3 x ZTEX4 Glass1,0.64 
30mm_10,0.75 
30mm_3,0.30 
33 in 1 9 oz,0.50 
33 in 1 hand tool,0.50 
3x IP 10 Black Zinc,0.60 
3X IP 6 Glass,0.40 
3X IP 6s Glass,0.40 
3X IP 7Plus Glass Gold,0.60 
3X IP 7Plus Glass Red,0.60 
3X IP 7Plus Glass RGold,0.60 
3X IP 7Plus Glass White,0.60 
3X IP 8 Glass Black,0.60 
3X IP 8 Glass Gold,0.60 
3X IP 8 Glass Red,0.60 
3X IP 8 Glass RGold,0.60 
3X IP 8 Glass White,0.60 
3X IP 8Plus Glass Black,0.60 
3X IP 8Plus Glass Gold,0.60 
3X IP 8Plus Glass Red,0.60 
3X IP 8Plus Glass RGold,0.60 
3X IP 8Plus Glass White,0.60 
3x IP X Glass Silver,0.60 
3x IP X Glass White,0.60 
3x IP Xs Black Glass,0.60 
3x IP Xs white Glass,0.60 
3x IphoneX Black Glass,0.60 
3x J32017 Glass1,0.45 
3x J32017 Glass2,0.45 
3x J32017 Glass3,0.45 
3x J32017 Glass4,0.45 
3x J32017 Glass5,0.45 
3X J32018 Glass5,0.45 
3X J32018 Glass7,0.45 
3x J72018 Glass,0.60 
3x J72018 Glass 2,0.60 
3x J7207 Glass,0.45 
3x J7207 Glass1,0.45 
3x J7207 Glass2,0.45 
3x J7207 Glass3,0.45 
3x J7207 Glass4,0.45 
3x J7207 Glass5,0.45 
3x J7207 Glass6,0.45 
3x J7207 Glass7,0.45 
3X LG Stylo 4 Clear Glass1,0.45 
3X LGQ7 Glass 1,0.60 
3X LGXPower2 Glass,0.60 
3X MotoE4 Glass,0.59 
3X MotoE4 Plus Glass,0.59 
4 X LgStylo3 Glass,0.67 
4 X LgStylo3 Glass1,0.67 
4 X Note 8 Glass,0.89 
4 x Revvl Plus Glass,0.69 
4 X s7 edge Glass,0.87 
4 X S9 Plus Glass,0.87 
4 x ZTEX4 Glass,0.69 
4 x ZTEX4 Glass1,0.69 
40mm knob 20,1.95 
40mm knob_10,1.05 
40mm knob_12,1.30 
40mm knob_3,0.35 
40mm knob_5,0.60 
40mm knob_7,0.80 
40mm knob_8,0.90 
40mm_5,0.60 
4X MotoE4 Glass,0.67 
7 Plus Bumper Pink Tpu,0.35 
7 Plus Bumper Tpu Clear,0.25 
AlcatelA30 BB1,0.40 
AlcatelA30 BB1+Glass,0.50 
AlcatelA30 BB2,0.40 
AlcatelA30 BB3,0.40 
AlcatelA30 Com Black,0.40 
AlcatelA30 Com Black+Glass,0.49 
AlcatelA30 Com Black1,0.40 
AlcatelA30 Com Black1 +Glass,0.49 
AlcatelA30 Com Black2 +Glass,0.49 
AlcatelA30 Com Blue +Glass,0.49 
AlcatelA30 Com Blue1 +Glass,0.49 
AlcatelA30 Com Blue2,0.40 
AlcatelA30 Com Blue2 +Glass,0.49 
AlcatelA30 Com Red +Glass,0.49 
AlcatelA30 Com Red1 +Glass,0.49 
AlcatelA30 Com Red2 +Glass,0.49 
AlcatelA30 PL + Glass,0.49 
AlcatelA30 PL1,0.40 
AlcatelA30 PL1+Glass,0.50 
AlcatelA30 PL3,0.40 
AlcatelA30 PL3+Glass,0.50 
AlcatelA30 RF1,0.40 
AlcatelA30 RF2,0.40 
AlcatelA30 RF3,0.40 
AlcatelVerso COM Black,0.40 
AlcatelVerso COM Black1,0.40 
AlcatelVerso COM Black1+Glass,0.49 
AlcatelVerso COM Black2+Glass,0.49 
AlcatelVerso COM Blue,0.40 
AlcatelVerso COM Blue+Glass,0.49 
AlcatelVerso COM Blue1,0.40 
AlcatelVerso COM Blue1+Glass,0.49 
AlcatelVerso COM Red+Glass,0.49 
AlcatelVerso COM Red1,0.40 
AlcatelVerso Fus Black,0.40 
AlcatelVerso Fus Black1,0.40 
AlcatelVerso Fus Black2+Glass,0.49 
AlcatelVerso Fus Blue,0.40 
AlcatelVerso Fus Blue+Glass,0.49 
AlcatelVerso Fus Blue1,0.40 
AlcatelVerso Fus Blue1+Glass,0.49 
AlcatelVerso Fus Red,0.40 
AlcatelVerso Fus Red+Glass,0.49 
AlcatelVerso Fus Red1,0.40 
AlcatelVerso Fus Red1+Glass,0.49 
AlcatelVerso Fus Red2+Glass,0.49 
alcatelZip Black1+Glass,0.49 
alcatelZip Black2,0.40 
alcatelZip Black2+Glass,0.49 
alcatelZip Black3,0.40 
alcatelZip Black3+Glass,0.49 
alcatelZip Blue,0.40 
alcatelZip Blue1+Glass,0.49 
alcatelZip Blue2,0.40 
alcatelZip Blue2+Glass,0.49 
alcatelZip Blue3,0.40 
alcatelZip Blue3+Glass,0.49 
alcatelZip grey+Glass,0.49 
alcatelZip grey1+Glass,0.49 
alcatelZip grey2,0.40 
alcatelZip grey2+Glass,0.49 
alcatelZip grey3+Glass,0.49 
alcatelZip Pink1,0.40 
alcatelZip Pink2+Glass,0.49 
alcatelZip Pink3+Glass,0.49 
alcatelZip Purple,0.40 
alcatelZip Purple1+Glass,0.49 
alcatelZip Purple2,0.40 
alcatelZip Purple2+Glass,0.49 
alcatelZip Purple3+Glass,0.49 
AlcVerso COM Black+Glass,0.49 
AlcVerso COM Black1+Glass,0.49 
AlcVerso COM Blue+Glass,0.49 
AlcVersoCOM Blue1+Glass,0.49 
AlcVersoCOM Red+Glass,0.49 
AlcVersoCOM Red1+Glass,0.49 
AlcVersoCOM Red2+Glass,0.49 
AscendXt Brus Black,0.39 
bluetooth reveiver,1.19 
Cd,0.95 
cd/dvd room,0.95 
Door Pull _10,0.73 
Door Pull _15,0.98 
Door Pull _3,0.30 
Door Pull _5,0.50 
Galaxy Note 4 Glass,0.30 
Galaxy Note 5 Glass,0.30 
Galaxy Note 9 Boo,0.40 
galaxy note8 clear tpu,0.29 
Galaxy S6 clear Tpu,0.29 
galaxy S6 edge Clear Tpu,0.29 
galaxy s6 glass,0.35 
galaxy S7 Clear Tpu,0.29 
Galaxy S7 Com Bk,0.40 
Galaxy S7 Edge Com Bk,0.40 
Galaxy S8 Plus Clear Tpu,0.29 
GalaxyS6 Bitbisss,0.40 
GalaxyS6 Clear Tpu,0.29 
GalaxyS6 edge Clear Tpu,0.29 
GalaxyS6 Edge Tpu Clear,0.29 
GalaxyS6 PL,0.40 
GalaxyS6 RF,0.40 
GalaxyS6 RF+Glass,0.49 
GalaxyS6 Tpu Clear,0.29 
GalaxyS6 WB,0.40 
GalaxyS7 Clear Tpu,0.29 
galaxys7 com black,0.40 
GalaxyS7 Com Black+Glass,0.49 
GalaxyS7 Com Blue+Glass,0.49 
galaxys7 com Red,0.40 
GalaxyS7 Com Red+Glass,0.49 
GalaxyS7 Combo Red,0.44 
GalaxyS7 Edge Clear Tpu,0.29 
GalaxyS7 Edge Tpu Clear,0.29 
GalaxyS7 Tpu Clear,0.29 
galaxys7Edge com Black,0.40 
galaxys7Edge com blue,0.40 
galaxys7Edge com Red,0.40 
GalaxyS8 Clear Tpu,0.29 
GalaxyS8 Com Black,0.40 
GalaxyS8 Plus Clear Tpu,0.29 
GalaxyS8 Plus Tpu Clear,0.29 
GalaxyS8 Tpu Clear,0.29 
Hat 021,1.25 
Hat 022,1.25 
Hat G1006,1.25 
Hat G1006HAT,1.24 
Hat G1009,1.25 
Hat M39374,3.00 
Hat M39376,3.15 
Hat M39381,3.15 
Hat M39382,3.15 
Hat M39385,1.75 
Hat M39386,1.75 
Hat M39387,1.70 
Hat M39387G,1.80 
Hat M39387S,1.80 
Hat M39388G,1.70 
Hat M39389G,1.50 
Hat M39389S,1.50 
Hat M39410,2.50 
Hat M39477,1.50 
Hat M39478,1.40 
Hat027,1.75 
Honor 7X Clear Tpu,0.34 
Htc A9 Tpu Clear,0.34 
HtcA9 Fusion red,0.39 
HuaWei AscendXt Brus Grey,0.39 
HuaWei AscendXt Brus Pink,0.39 
Hybrid Shockproof Thin Clear TPU Bumper Case Fits iPhone [For Apple iPhone XS],0.05 
Hybrid Shockproof Thin Clear TPU Bumper Case Fits iPhone X 6 7 8 Plus XR XS MAX[For iPhone X],0.05 
i 6s clear tpu Bumper,0.29 
I5 Clear bumper,0.26 
I5 Clear Tpu,0.30 
I5 Clear Tpu regular,0.30 
I5s Clear bumper,0.29 
I5s Clear Tpu,0.30 
I5s Clear Tpu regular,0.30 
I6 BOO,0.40 
I6 Bumper Tpu Clear,0.29 
i6 clear clear red Floral,0.40 
i6 clear tpu,0.30 
i6 clear tpu Bumper,0.29 
i6 clear tpu Corner,0.30 
i6 clear tpu reg,0.30 
I6 Plus Bumper Tpu Clear,0.29 
i6 plus clear red Floral,0.40 
i6 plus clear tpu,0.30 
i6 plus clear tpu Bumper,0.29 
i6 plus clear tpu Corner,0.30 
i6 plus clear tpu reg,0.30 
I6 tpu clear,0.29 
I6 Wallet Blossom,0.45 
I6 wallet Floral,0.45 
I6 wallet Lost,0.45 
I6Plus BOO,0.40 
i6Plus Wallet Floral,0.45 
I6Plus wallet Lost,0.45 
I6s Clear Bumper,0.29 
i6s clear clear red Floral,0.40 
I6s Clear reg,0.29 
i6s clear tpu,0.30 
i6s clear tpu Corner,0.30 
i6s clear tpu reg,0.30 
i6s plus clear tpu,0.27 
i6s plus clear tpu Bumper,0.29 
i6s plus clear tpu Corner,0.27 
i6s plus clear tpu reg,0.30 
I6s plus tpu clear,0.26 
I6s tpu clear,0.29 
i6s Wallet Floral,0.45 
i6s Wallet Tiful,0.45 
i6sPlus Wallet Floral,0.45 
i6sPlus Wallet Tiful,0.45 
I7 Black Glass,0.34 
I7 Black Glass Zinc,0.40 
I7 Bumper Clear,0.26 
I7 Bumper Clear tpu,0.24 
I7 BumperBlack+Glass,0.44 
I7 BumperPink+Glass,0.44 
i7 clear tpu,0.30 
i7 clear tpu Bumper,0.29 
i7 clear tpu Corner,0.30 
i7 clear tpu regular,0.30 
I7 Com Black,0.25 
I7 Glass,0.26 
I7 Gold Glass,0.34 
I7 kick black & blue,0.31 
I7 kick black & white,0.35 
I7 kick blue,0.35 
I7 kick blue+grey,0.31 
I7 kick Gold,0.35 
I7 kick green,0.35 
I7 kick purple,0.35 
I7 kick red,0.35 
I7 kick Rose God,0.31 
I7 kick Silver,0.35 
I7 kick teal+pink,0.31 
I7 kick white,0.35 
I7 Plus BB,0.40 
I7 Plus BK Rose,0.40 
I7 Plus Boo,0.40 
I7 Plus Bumper Clear,0.29 
I7 Plus Bumper Tpu Clear,0.29 
i7 Plus clear red Floral,0.40 
i7 plus clear tpu,0.30 
i7 plus clear tpu Bumper,0.29 
i7 plus clear tpu Corner,0.30 
i7 plus clear tpu regular,0.30 
I7 Plus Glass,0.29 
I7 Plus kick black&blue,0.35 
I7 Plus kick black&white,0.35 
I7 Plus kick black&white+Glass,0.49 
I7 Plus kick Blue,0.35 
i7 Plus Kick Gold,0.35 
I7 Plus kick gold+Glass,0.49 
I7 Plus kick Green,0.31 
I7 Plus kick purple,0.35 
I7 Plus kick red,0.35 
I7 Plus kick red+Glass,0.49 
i7 Plus Kick Rose Gold,0.35 
i7 Plus Kick Silver,0.35 
I7 Plus kick white,0.35 
I7 Plus kick white+Glass,0.49 
I7 Plus PL,0.40 
I7 Plus QH Hot Pink,0.32 
I7 Plus QH Teal+Black,0.32 
I7 Plus QH Teal+Pink,0.32 
I7 Plus Red Rose,0.40 
I7 Plus RF,0.40 
I7 Plus Tower,0.40 
i7 plus Tpu Clear Regular,0.20 
I7 Plus Tpu Pink,0.35 
i7 Plus Tpu Regular,0.29 
I7 Plus White BB,0.40 
I7 QH Silver,0.32 
I7 Red Glass,0.34 
I7 RGold Glass,0.34 
i7 Tpu Clear bumper,0.24 
I7 Wallet Blossom,0.40 
i7 Wallet Floral,0.40 
I7 White Glass,0.34 
i7+ Wallet Blossom,0.45 
i7+ Wallet Floral,0.45 
i7+ Wallet Lost,0.45 
I7Plus Black Glass,0.34 
I7Plus Black Glass Zinc,0.44 
I7Plus Black Glass+ Case,0.39 
I7Plus BumperGold+Glass,0.55 
I7Plus BumperPink+Glass,0.55 
I7Plus Gold Glass,0.34 
i7Plus Kick blue+grey,0.35 
i7Plus Kick teal+black,0.31 
i7Plus Kick Teal+Pink,0.31 
I7Plus Red Glass,0.34 
I7Plus Red Glass Zinc,0.44 
I7Plus Red Glass+ Case,0.39 
I7Plus RGold Glass,0.34 
I7Plus RGold Glass Zinc,0.40 
I7Plus Silver Glass,0.34 
I7Plus Silver Glass+ Case,0.39 
I7Plus Wallet Blossom,0.45 
I7Plus wallet Floral,0.45 
i7Plus Wallet Tiful,0.40 
I7Plus White Glass,0.34 
I7Plus White Glass Zinc,0.44 
I8 Black Glass,0.34 
I8 Clear Bumper,0.30 
I8 Clear Tpu,0.29 
I8 Clear Tpu Corner,0.30 
I8 Clear Tpu Reg,0.30 
I8 Glass,0.26 
i8 gold glass,0.34 
I8 Kick Black& Blue,0.35 
I8 Kick Black& White,0.35 
I8 Kick Blue,0.35 
I8 Kick Gold,0.35 
I8 Kick green,0.35 
I8 Kick Purple,0.35 
I8 Kick Red,0.31 
I8 Kick Rose Gold,0.35 
I8 Kick silver,0.35 
I8 Kick whtie,0.35 
I8 Plus BB,0.40 
I8 Plus BK Rose,0.40 
I8 Plus Boo,0.40 
I8 Plus Clear Bumper,0.27 
I8 Plus clear red Floral,0.40 
I8 Plus Clear reg,0.29 
I8 Plus Clear Tpu,0.29 
I8 Plus Clear Tpu Corner,0.30 
I8 Plus Clear Tpu Reg,0.30 
i8 plus clear tpu regular,0.29 
I8 Plus Glass,0.29 
I8 Plus PL,0.40 
I8 Plus Red Rose,0.40 
I8 Plus RF,0.40 
I8 Plus Tower,0.40 
i8 plus tpu clear,0.29 
I8 Plus Tpu Clear bumper,0.29 
I8 Plus White BB,0.40 
I8 Red Glass,0.34 
I8 Red Glass+ Case,0.39 
I8 RGold Glass,0.34 
I8 White Glass,0.34 
I8/7 Tpu Clear bumper,0.29 
I8Plus Black Glass,0.34 
I8Plus Black Glass Zinc,0.44 
I8Plus Gold Glass,0.34 
I8Plus Gold Glass Zinc,0.44 
I8Plus Kick Black&Blue,0.35 
I8Plus Kick Black&White,0.35 
I8Plus Kick Blue,0.31 
I8Plus Kick Gold,0.31 
I8Plus Kick green,0.31 
I8Plus Kick Purple,0.35 
I8Plus Kick Red,0.35 
I8Plus Kick Rose Gold,0.35 
I8Plus Kick Silver,0.35 
I8Plus Kick whtie,0.35 
I8Plus Red Glass,0.34 
I8Plus Red Glass Zinc,0.44 
I8Plus Red Glass+ Case,0.39 
I8Plus RGold Glass,0.34 
I8Plus RGold Glass Zinc,0.44 
I8Plus Silver Glass,0.34 
I8Plus White Glass,0.34 
IP 6 Boo,0.40 
IP 6 Plus Boo,0.40 
IP 6s Boo,0.40 
IP 6s Plus Boo,0.40 
IP 7 Plus Boo,0.40 
IP 7 Plus Sun Flower,0.40 
IP 7 Plus Unicorn,0.40 
IP 7plus White BB,0.40 
IP 8 Boo,0.40 
IP 8 Plus Boo,0.40 
IP 8 Plus Red Floral Clear,0.40 
IP 8 Plus Sun Flower,0.40 
IP 8 Plus Unicorn,0.40 
IP 8plus White BB,0.40 
IP X Armor Black,0.50 
IP X BOO,0.40 
IP X Clear Bumper,0.30 
IP X clear red Floral,0.40 
IP X Clear Tpu,0.30 
IP X Clear Tpu Corner,0.27 
IP X Glass Gold,0.34 
IP X white Glass,0.34 
IP Xr Armor Red,0.50 
IP Xr Clear Bumper,0.30 
IP Xr clear red Floral,0.40 
IP Xr Clear Tpu,0.30 
IP Xr Clear Tpu Corner,0.30 
IP Xs Clear Bumper,0.30 
IP Xs clear red Floral,0.36 
IP Xs Clear Tpu,0.30 
IP Xs Clear Tpu Corner,0.30 
IP XS Max Armor Black,0.50 
IP XS Max Armor Blue,0.50 
IP XS Max Armor Pink,0.50 
IP XS Max Armor Red,0.50 
IP XS Max BOO,0.40 
IP Xs Max Clear Bumper,0.27 
IP Xs Max clear red Floral,0.40 
IP Xs Max Clear Tpu,0.27 
IP Xs Max Clear Tpu Corner,0.30 
IP Xs Max Clear Tpu Reg,0.30 
IP Xs Max Tree,0.40 
IP Xs Tree,0.40 
Ip6 Ring Teal Tpu,0.39 
Iphone 5 Clear Tpu regular,0.29 
Iphone 5s Clear Tpu,0.29 
Iphone 5s Clear Tpu regular,0.20 
Iphone 6 clear glass,0.30 
iphone 6 clear tpu,0.29 
iphone 6 clear tpu Bumper,0.29 
Iphone 6 plus clear glass,0.30 
iphone 6 plus clear tpu,0.29 
Iphone 6s clear glass,0.30 
iphone 6s clear tpu,0.29 
Iphone 6s plus clear glass,0.30 
iphone 6s plus clear tpu,0.29 
iphone 7 clear tpu,0.25 
iphone 7 clear tpu regular,0.29 
iphone 7 plus clear tpu,0.30 
iphone 7 plus clear tpu regular,0.29 
Iphone 7 Plus Glass,0.30 
Iphone 8 Glass,0.30 
Iphone 8 Plus Glass,0.30 
Iphone SE Clear Bumper,0.29 
Iphone SE Clear reg,0.29 
Iphone SE Clear Tpu,0.30 
Iphone SE Clear Tpu regular,0.29 
iphone SE Tpu Clear,0.24 
Iphone X Glass,0.35 
Iphone6 plus Clear tpu,0.29 
iphone6S plus Tpu Clear,0.29 
iphone6S Tpu Clear,0.30 
Iphone8 Plus clear tpu,0.30 
IphoneX Black Glass,0.34 
IphoneX clear tpu,0.29 
IphoneX red glass,0.34 
IphoneX red glass Zinc,0.44 
IphoneX RoGold Glass,0.34 
IphoneX Tpu Clear,0.26 
IpX PL,0.40 
IPX TrocpFloral,0.40 
Item ID,#VALUE!
iWatch Tpu Clear,0.29 
iWatch Tpu Clear + Glass,0.49 
J3 2016 Com black,0.40 
J3 2018 Com black,0.50 
J32017 BB,0.40 
J32017 BB+Glass,0.49 
J32017 BB4,0.40 
J32017 BB5+Glass,0.49 
J32017 BB6,0.40 
J32017 BB6+Glass,0.49 
J32017 Com BK + Glass1,0.49 
J32017 Com BK + Glass2,0.49 
J32017 Com BK + Glass4,0.49 
J32017 Com BK1,0.40 
J32017 Com BK5,0.40 
J32017 Com Black,0.40 
J32017 com Black+ Glass1,0.49 
J32017 com Black+ Glass6,0.49 
J32017 com Black+ Glass7,0.49 
J32017 Com Black2,0.40 
J32017 Com Black2+glass,0.49 
J32017 Com Black3,0.40 
J32017 Com Black3+glass,0.49 
J32017 Com Black4,0.40 
J32017 Com Black5+Glass,0.49 
J32017 Com Black6+Glass,0.49 
J32017 Com Blue,0.40 
J32017 com blue+ Glass4,0.49 
J32017 com blue+ Glass6,0.49 
J32017 Com Blue1,0.40 
J32017 Com Blue2+glass,0.49 
J32017 Com Blue5,0.40 
J32017 Com Blue6,0.40 
J32017 Com Blue6+glass,0.49 
J32017 com Red+ Glass,0.49 
J32017 com Red+ Glass1,0.49 
J32017 com Red+ Glass8,0.49 
J32017 Com Red1,0.40 
J32017 Com Red4,0.40 
J32017 Com Red4+glass,0.49 
J32017 Com Red5,0.40 
J32017 Com Red6+glass,0.49 
J32017 PL1,0.40 
J32017 PL1+Glass,0.49 
J32017 PL3,0.40 
J32017 PL4,0.40 
J32017 PL4+Glass,0.49 
J32017 PL5+Glass,0.49 
J32017 PL6,0.40 
J32017 RF,0.40 
J32017 RF1,0.40 
J32017 RF3,0.40 
J32017 RF3+Glass,0.49 
J32017 RF6,0.40 
J32017 Wallet Brown2,0.40 
J32017 Wallet Brown4,0.39 
J32017 Wallet Red1,0.39 
J32017 Wallet Red7,0.40 
J32018 BK Rose + Glass3,0.50 
J32018 BK Rose1,0.40 
J32018 BK Rose3,0.40 
J32018 Blue BB,0.40 
J32018 Blue BB + Glass,0.50 
J32018 Blue BB + Glass2,0.50 
J32018 Blue BB + Glass3,0.50 
J32018 Blue BB + Glass4,0.50 
J32018 Blue BB+Glass,0.50 
J32018 Blue BB1,0.40 
J32018 Blue BB2,0.40 
J32018 Blue BB3,0.40 
J32018 Blue BB4,0.40 
J32018 Blue BB5,0.40 
J32018 Clear Tpu,0.34 
J32018 Clear Tpu1,0.34 
J32018 Clear Tpu2,0.34 
J32018 Clear Tpu4,0.34 
J32018 Clear Tpu5,0.34 
J32018 Com BK,0.44 
J32018 Com BK + Glass,0.49 
J32018 Com BK + Glass1,0.50 
J32018 Com BK + Glass2,0.50 
J32018 Com BK + Glass3,0.50 
J32018 Com BK + Glass4,0.50 
J32018 Com BK + Glass5,0.50 
J32018 Com BK 1,0.40 
J32018 Com BK 3,0.40 
J32018 Com BK 5,0.40 
J32018 Com BK2,0.40 
J32018 Com BK5,0.40 
J32018 Com Blue + Glass,0.49 
J32018 Com Blue + Glass1,0.50 
J32018 Com Blue + Glass4,0.50 
J32018 Com Blue + Glass5,0.50 
J32018 Com Blue + Glass6,0.50 
J32018 Com Blue 2,0.40 
J32018 Com Blue 3,0.40 
J32018 Com Blue 5,0.40 
J32018 Com Red + Glass,0.50 
J32018 Com Red + Glass1,0.50 
J32018 Com Red + Glass2,0.50 
J32018 Com Red + Glass3,0.50 
J32018 Com Red + Glass4,0.50 
J32018 Com Red + Glass5,0.50 
J32018 Com Red 1,0.40 
J32018 Com Red5,0.40 
J32018 Red Rose + Glass2,0.50 
J32018 Red Rose + Glass3,0.50 
J32018 Red Rose + Glass5,0.50 
J32018 Tower,0.40 
J32018 Tower + Glass2,0.50 
J32018 Tower + Glass4,0.50 
J32018 Tpu Clear,0.34 
J32018 WH BB + Glass,0.50 
J32018 WH BB + Glass2,0.50 
J32018 White BB+Glass,0.50 
J32018 White BB+Glass2,0.50 
J32018 White BB+Glass5,0.50 
J32018 White BB1,0.40 
J32018 White BB2,0.40 
J32018 White BB5,0.40 
J72017 BB + Glass5,0.49 
J72017 BB 2,0.40 
J72017 BB 5,0.40 
J72017 Com Black,0.40 
J72017 Com Black+ Glass,0.49 
J72017 Com Black+Glass,0.49 
J72017 Com Black1,0.40 
J72017 Com Black1+ Glass,0.49 
J72017 Com Black1+Glass,0.49 
J72017 Com Black3,0.40 
J72017 Com Black3+Glass,0.49 
J72017 Com Black4+Glass,0.49 
J72017 Com Black5+Glass,0.49 
J72017 Com Blue+ Glass,0.49 
J72017 Com Blue+Glass,0.49 
J72017 Com Blue1+Glass,0.49 
J72017 Com Blue2,0.40 
J72017 Com Blue2+ Glass,0.49 
J72017 Com Blue2+Glass,0.49 
J72017 Com Blue4+Glass,0.49 
J72017 Com Blue5,0.40 
J72017 Com Blue5+Glass,0.49 
J72017 Com Red,0.40 
J72017 Com Red+Glass,0.49 
J72017 Com Red1,0.40 
J72017 Com Red2,0.40 
J72017 Com Red3,0.40 
J72017 Com Red5 +Glass,0.49 
J72017 PL + Glass3,0.49 
J72017 PL + Glass5,0.49 
J72017 PL1,0.40 
J72017 Wallet Black,0.45 
J72017 Wallet Black+Glass,0.49 
J72017 Wallet Black1,0.40 
J72017 Wallet Black2,0.40 
J72017 Wallet Black2+Glass,0.49 
J72017 Wallet Black4,0.40 
J72017 Wallet Brown,0.40 
J72017 Wallet Brown1,0.45 
J72017 Wallet Brown1+Glass,0.49 
J72017 Wallet Brown2,0.40 
J72017 Wallet Brown3+Glass,0.49 
J72017 Wallet Red,0.40 
J72017 Wallet Red1+Glass,0.49 
J72017 Wallet Red2,0.40 
J72017 Wallet Red4,0.36 
J72017 Wallet Red4+Glass1,0.49 
J72017 Wallet White+Glass,0.49 
J72018 BK Rose,0.40 
J72018 BK Rose1,0.40 
J72018 BK Rose3,0.40 
J72018 Blue BB,0.40 
J72018 Blue BB1,0.40 
J72018 Blue BB2,0.40 
J72018 Blue BB3,0.40 
J72018 Clear Tpu1,0.34 
J72018 Com Bk,0.40 
J72018 Glass (2Pcs),0.40 
J72018 Glass (2Pcs) 1,0.40 
J72018 Glass (2Pcs) 2,0.40 
J72018 Glass (4Pcs),0.50 
J72018 Glass (4Pcs) 1,0.50 
J72018 Glass (4Pcs) 2,0.50 
J72018 Red Rose,0.40 
J72018 Red Rose1,0.40 
J72018 Red Rose2,0.40 
J72018 Red Rose3,0.40 
J72018 Tower,0.40 
J72018 Tower1,0.40 
J72018 Tower2,0.40 
J72018 Tower3,0.40 
J72018 Tpu Clear,0.34 
J72018 WH BB,0.40 
J72018 WH BB1,0.40 
J72018 WH BB2,0.40 
J72018 WH BB3,0.40 
J7V2017 Com Black,0.40 
J7v2017 Com Blue3,0.40 
LG G6 Com Black + Glass,0.49 
LG G6 Com Blue + Glass,0.49 
LG G6 LGG6-BtflyBlis,0.40 
LG G7 Clear Tpu,0.34 
LG G7 Clear Tpu+Glass,0.49 
LG K20 (V5) Com Black,0.40 
LG K30 BB,0.40 
LG K30 PL,0.40 
LG K30 WB,0.40 
LG V30 Glass,0.40 
LG V30 Glass1,0.40 
LG V30 Glass2,0.40 
LGAristo 2 BB +GLass,0.50 
LGAristo 2 BB1 +GLass,0.50 
LGAristo 2 PL +GLass,0.50 
LGAristo 2 WB +GLass,0.50 
LGG6 Bitbiss,0.40 
LGG6 Bitbiss +GLass,0.49 
LGG6 COM BK + Glass,0.49 
LGG6 Com Black,0.40 
LGG6 Com Black+Glass,0.49 
LGG6 Com Blue+Glass,0.49 
LGG6 PL,0.40 
LGG6 PL +GLass,0.49 
LGG6 TrocpFloral,0.40 
LGG6 TrocpFloral +GLass,0.49 
LGG6-ChryBlosm,0.40 
LGG7 Blue BB,0.40 
LGG7 Blue BB+Glass,0.55 
LGG7 Wh BB,0.40 
LGK10 Com Black,0.40 
LgK10 Glass,0.35 
LgK20 wallet Black,0.40 
LGk20v Com black,0.40 
LGK7 Com blue,0.40 
LGK7 Com Red,0.40 
LGK7 Glass,0.30 
LGK7 Glass Full Cover,0.39 
LGLV3 BB + Glass,0.49 
LGLV3 BB + Glass1,0.49 
LGLV3 BB + Glass2,0.49 
LGLV3 BB + Glass4,0.49 
LGLV3 BB +Glass1,0.49 
LGLV3 BB +Glass2,0.49 
LGLV3 Com BK + Glass,0.49 
LGLV3 COM BK +Glass1,0.50 
LGLV3 COM Black,0.40 
LGLV3 COM Black +Glass,0.49 
LGLV3 Com Black+ Glass1,0.49 
LGLV3 Com Black+ Glass4,0.49 
LGLV3 COM Black1,0.40 
LGLV3 COM Black1 +Glass,0.49 
LGLV3 COM Black2,0.40 
LGLV3 COM Black2 +Glass,0.49 
LGLV3 COM Black3,0.40 
LGLV3 COM Black3 +Glass,0.49 
LGLV3 COM Black4 +Glass,0.49 
LGLV3 Com Blue + Glass,0.49 
LGLV3 Com Blue + Glass2,0.49 
LGLV3 COM Blue +Glass,0.49 
LGLV3 COM Blue1,0.40 
LGLV3 COM Blue1 +Glass,0.49 
LGLV3 COM Blue2,0.40 
LGLV3 COM Blue2 +Glass,0.49 
LGLV3 COM Blue3,0.40 
LGLV3 COM Blue3 +Glass,0.49 
LGLV3 COM Blue4,0.40 
LGLV3 COM Blue4 +Glass,0.49 
LGLV3 COM Blue5,0.40 
LGLV3 COM Blue5 +Glass,0.49 
LGLV3 Com Red + Glass1,0.49 
LGLV3 Com Red + Glass4,0.49 
LGLV3 COM Red +Glass,0.49 
LGLV3 COM Red1,0.40 
LGLV3 COM Red1 +Glass,0.49 
LGLV3 COM Red2 +Glass,0.49 
LGLV3 COM Red3 +Glass,0.49 
LGLV3 COM Red4,0.40 
LGLV3 COM Red4 +Glass,0.49 
LGLV3 COM Red5 +Glass,0.49 
LGLV3 PL + Glass,0.49 
LGLV3 PL + Glass1,0.49 
LGLV3 PL + Glass2,0.49 
LGLV3 PL + Glass5,0.49 
LGLV3 PL +Glass4,0.49 
LGLV3 RF + Glass,0.49 
LGLV3 RF + Glass1,0.49 
LGLV3 RF + Glass4,0.49 
LGLV3 RF +Glass,0.49 
LgLv3 Wallet Brown,0.40 
LgLv3 Wallet Pink4,0.40 
LgLv3 Wallet Pink5,0.40 
LGLV5 BB + Glass3,0.49 
LGLV5 Com Black+Glass,0.49 
LGLV5 Com Black1,0.40 
LGLV5 Com Black2,0.40 
LGLV5 Com Black2+Glass,0.49 
LGLV5 Com Black4,0.40 
LGLV5 Com Black4+Glass,0.49 
LGLV5 Com Blue1,0.40 
LGLV5 Com Blue1+Glass,0.49 
LGLV5 Com Blue2,0.40 
LGLV5 Com Blue3,0.40 
LGLV5 Com Blue4+Glass,0.49 
LGLV5 Com Red1,0.40 
LGLV5 Com Red4+Glass,0.49 
LgQ7 Tpu Clear+Glass,0.50 
LgStylo 2 Com Black,0.40 
LgStylo 2 Com Red,0.40 
LgStylo 2 Fus Pink,0.39 
LGStylo 3 BB+Glass,0.49 
LGStylo 3 Com BK,0.49 
LGStylo 3 Com Red + Glass,0.50 
LgStylo 4 BB,0.40 
LGStylo 4 Com BK +Glass,0.50 
LGStylo 4 Com Blue +Glass,0.50 
LGStylo 4 Com Red +Glass,0.50 
LgStylo 4 PL+Glass,0.50 
LgStylo2 Com black,0.39 
LgStylo3 BB,0.40 
LgStylo3 BB + Glass,0.49 
LgStylo3 BB + Glass1,0.49 
LgStylo3 BB 1,0.40 
LgStylo3 Com Bk,0.40 
LGStylo3 Com Bk + Glass,0.49 
LGStylo3 Com Bk + Glass1,0.49 
LgStylo3 Com Bk+ Glass1,0.49 
LgStylo3 Com Bk+ Glass2,0.49 
LgStylo3 Com Bk2,0.40 
LgStylo3 Com Black,0.40 
LGStylo3 Com Black+Glass,0.49 
LGStylo3 Com Black1,0.40 
LGStylo3 Com Black1 +Glass,0.49 
LGStylo3 Com Black1+Glass,0.49 
LGStylo3 Com BLUE + Glass,0.49 
LGStylo3 Com BLUE + Glass1,0.49 
LGStylo3 Com Blue +Glass,0.49 
LgStylo3 Com Blue+ Glass1,0.49 
LgStylo3 Com Blue+ Glass2,0.49 
LGStylo3 Com Blue1 +Glass,0.49 
LGStylo3 Com Blue1+Glass,0.49 
LGStylo3 Com Blue2+Glass,0.49 
LGStylo3 Com Red,0.40 
LGStylo3 Com REd +Glass,0.49 
LGStylo3 Com Red+ Glass,0.49 
LgStylo3 Com Red+ Glass1,0.49 
LgStylo3 Com Red+ Glass2,0.49 
LGStylo3 Com Red1 +Glass,0.49 
LGStylo3 Com Red2 +Glass,0.49 
LGStylo3 Com Red2+Glass,0.49 
LGstylo3 Combo black,0.39 
LgStylo3 PL,0.40 
LgStylo3 PL + Glass,0.49 
LgStylo3 PL + Glass1,0.49 
LgStylo3 PL1,0.40 
LgStylo3 RF + Glass,0.49 
LgStylo3 RF+ Glass1,0.49 
LgStylo3 WB,0.40 
LgStylo3 WB + Glass,0.49 
LgStylo3 WB + Glass1,0.49 
LGStylo3 WB +Glass,0.49 
LGStylo3 WB +Glass1,0.49 
LgStylo3-PL,0.40 
LgStylo4 BB+Glass,0.50 
LgStylo4 Line Bk +Glass,0.50 
LgStylo4 Line Blue +Glass,0.50 
LgStylo4 Line Pink +Glass,0.50 
LgStylo4 Line Purple+Glass,0.50 
LgStylo4 Line Red+Glass,0.50 
LgStylo4 PL+Glass,0.50 
LgStylo4 Tpu Clear,0.34 
LgStylo4 Tpu Clear+Glass,0.45 
LgStylo4 WB+Glass,0.50 
LGV20 Com Black,0.40 
LGV20 Com Black+Glass,0.49 
LGV20 Com Blue + Glass,0.49 
LGV20 Com Red + Glass,0.49 
LGV20 Glass1,0.35 
LGV30 BB,0.40 
LGV30 BB+ Glass,0.50 
LGV30 BB+GLASS,0.55 
LGV30 Clear Tpu,0.34 
LGV30 Com Black + Glass,0.59 
LGV30 Com Blue + Glass,0.59 
LGV30 Com Red,0.40 
LGV30 Com Red + Glass,0.59 
LGV30 PL,0.40 
LGV30 PL + Glass,0.50 
LGV30 RF,0.40 
LGV5-BtflyBlis,0.40 
LGXPower2 BB,0.49 
LGXPower2 BB+Glass,0.49 
LGXPower2 BB+Glass4,0.49 
LGXPower2 Bitbiss,0.40 
LGxPower2 Com Black,0.40 
LGXPower2 Com Black2,0.49 
LGXPower2 Com Black2+Glass,0.49 
LGXPower2 Com Black3,0.40 
LGXPower2 Com Black3+Glass,0.49 
LGXPower2 Com Blue,0.40 
LGXPower2 Com Blue+Glass,0.49 
LGXPower2 Com Blue2+Glass,0.49 
LGXPower2 Com Blue4,0.40 
LGXPower2 Com Blue4+Glass,0.49 
LGXPower2 Com Red1,0.40 
LGXPower2 Com Red1+Glass,0.49 
LGXPower2 Com Red4+Glass,0.49 
LgXpower2 Full Glass,0.40 
LGXPower2 Full Glass3,0.40 
LGXPower2 Full Glass4,0.40 
LGXPower2 PL,0.49 
LGXPower2 PL+Glass,0.49 
LGXPower2 PL+Glass4,0.49 
LGXPower2 RF+Glass,0.49 
LGXPower2 RF+Glass1,0.49 
LGXPower2 TrocpFloral,0.40 
LGXStyle Glass1,0.35 
Light T6 7 OZ,1.00 
Lumia 635 bling purple,0.43 
M39054S,0.95 
M39150S,0.80 
Mask M33240G,1.00 
Mask M39503C,1.30 
Mask M39503S,1.30 
Maven 3 Fus Black+Glass,0.49 
Maven 3 Fus Black+Glass1,0.49 
Maven 3 Fus Blue,0.40 
Maven 3 Fus Blue+Glass,0.49 
Maven 3 Fus Blue+Glass1,0.49 
Maven 3 Fus Blue1,0.40 
Maven 3 Fus Red+Glass,0.49 
Maven 3 Fus Red+Glass1,0.49 
Maven 3 Fus Red2,0.40 
Moto E4 Plus Com BK,0.40 
Moto E4 Plus RF,0.40 
Moto G6 WB,0.40 
Moto x Clear Hard Case,0.35 
MotoE4 BB + Glass,0.49 
MotoE4 Bitbisss,0.40 
MotoE4 Bitbisss + Glass,0.44 
MotoE4 Com BK + Glass,0.49 
MotoE4 Com Black,0.36 
MotoE4 Com Black+glass,0.49 
MotoE4 Com Blue,0.36 
MotoE4 Com Blue+glass,0.44 
MotoE4 Com Red,0.36 
MotoE4 Com Red+glass,0.49 
MotoE4 PL,0.40 
MotoE4 PL + Glass,0.49 
MotoE4 Plus BB + Glass,0.49 
MotoE4 Plus Com BK + Glass,0.49 
MotoE4 Plus PL + Glass,0.49 
MotoE4 Plus RF + Glass1,0.49 
MotoE4 Plus Tpu Clear,0.34 
MotoE4 RF + Glass,0.49 
MotoE4Plus Com Black,0.40 
MotoE4Plus Com Black+glass,0.49 
MotoE4Plus Com Blue,0.40 
MotoE5 BOO + Glass,0.50 
MotoE5 Pay WH BB 3,0.44 
MotoE5 Play BB,0.40 
MotoE5 Play BB +Glass,0.50 
MotoE5 Play BB +Glass1,0.50 
MotoE5 Play BB+ Glass,0.50 
MotoE5 Play BB+ Glass1,0.50 
MotoE5 Play BB1,0.40 
MotoE5 Play BK,0.40 
MotoE5 Play BK + Glass1,0.50 
MotoE5 Play Blue BB,0.40 
MotoE5 Play Blue BB+ Glass1,0.50 
MotoE5 Play Blue BB+Glass,0.50 
MotoE5 Play Blue BB+Glass1,0.50 
MotoE5 Play Blue BB1,0.40 
MotoE5 Play Combo BK+ Glass,0.50 
MotoE5 Play PL,0.40 
MotoE5 Play PL + Glass1,0.50 
MotoE5 Play PL 1,0.40 
MotoE5 Play PL+Glass,0.50 
MotoE5 Play PL+Glass1,0.50 
MotoE5 Play WB,0.40 
MotoE5 Play WB+ Glass,0.50 
MotoE5 Play WB+ Glass1,0.50 
MotoE5 Play WB+Glass,0.50 
MotoE5 Play WB+Glass1,0.50 
MotoE5 Play WB1,0.40 
MotoE5 Play WH BB,0.40 
MotoE5 Play WH BB+ Glass,0.50 
MotoE5 Play WH BB+ Glass1,0.50 
MotoE5 Play WH BB+Glass,0.50 
MotoE5 Play WH BB+Glass1,0.50 
MotoE5 Play WH BB1,0.40 
MotoE5 Plus Com Red,0.40 
MotoG5 Plus BB,0.40 
MotoG5 Plus BB + Glass,0.49 
MotoG5 PLus BitBiss,0.40 
MotoG5 PLus Bitbisss,0.40 
MotoG5 PLus Com Bk,0.40 
MotoG5 Plus Com Black,0.40 
MotoG5 Plus Com Black + Glass,0.49 
MotoG5 Plus Com Blue + Glass,0.49 
MotoG5 Plus Com Red + Glass,0.49 
MotoG5 Plus Combo Black,0.40 
MotoG5 Plus Combo Red,0.40 
MotoG5 Plus PL,0.40 
MotoG5 Plus PL + Glass,0.49 
MotoG5 Plus RF + Glass,0.49 
MotoG5 Plus Tpu Clear,0.31 
MotoG5 Plus Tpu Teal,0.40 
MotoG5 PLus TrocpFloral,0.40 
MotoG6 Play Tpu Clear,0.34 
MotoX Soft Tpu Clear,0.35 
MotoXPure Fusion Black,0.39 
MotoZ Tpu Clear,0.30 
MotoZ2 Play BB + Glass1,0.49 
MotoZ2 Play BB + Glass2,0.49 
MotoZ2 Play Com Black,0.40 
MotoZ2 Play Com Black+ Glass,0.49 
MotoZ2 Play Com Black1,0.40 
MotoZ2 Play Com Black1+ Glass,0.49 
MotoZ2 Play Com Black2,0.40 
MotoZ2 Play Com Black2+ Glass,0.49 
MotoZ2 Play Com Blue+ Glass,0.49 
MotoZ2 Play Com Blue1,0.40 
MotoZ2 Play Com Blue1+ Glass,0.49 
MotoZ2 Play Com Red+ Glass,0.49 
MotoZ2 Play Com Red1+ Glass,0.49 
MotoZ2 Play Com Red2,0.36 
MotoZ2 Play Com Red2+ Glass,0.49 
MotoZ2 Play PL + Glass,0.49 
MotoZ2 Play PL + Glass1,0.49 
MotoZ2 Play PL + Glass2,0.49 
MotoZ2 Play RF + Glass,0.49 
MotoZ2 Play RF + Glass2,0.49 
MotoZ2 Play WB + Glass1,0.49 
MotoZ2Play Bitbiss,0.40 
MotoZ2Play Bitbiss+Glass,0.49 
MotoZ2Play BitBiss1,0.40 
MotoZ2Play BitBiss1+Glass,0.49 
MotoZ2Play BitBiss2,0.40 
MotoZ2Play BitBiss2+Glass,0.49 
MotoZ2Play PL,0.40 
MotoZ2Play PL+Glass,0.44 
MotoZ2Play PL1,0.40 
MotoZ2Play PL1+Glass,0.49 
MotoZ2Play PL2,0.40 
MotoZ2Play PL2+Glass,0.49 
MotoZ2Play TrocpFloral+Glass,0.49 
MotoZ2Play TrocpFloral2,0.40 
MotoZ2Play TrocpFloral2+Glass,0.49 
MotoZ2PlayTrocpFloral1,0.40 
MotoZ3 Play Tpu Clear,0.34 
Nexus6P Fus Black,0.39 
Note 4 BitBiss,0.40 
Note 4 Bitbisss,0.40 
Note 4 Bitbisss + Glass,0.49 
Note 4 Clear Tpu,0.29 
Note 4 Glass,0.30 
Note 4 PL,0.40 
Note 4 Tpu Clear,0.29 
Note 4 TPU+Glass,0.40 
Note 4 TrocpFloral,0.40 
Note 4 WB +Glass,0.50 
Note 5 BB+Glass,0.50 
Note 5 Bitbisss,0.40 
Note 5 Bitbisss + Glass,0.49 
Note 5 Black Rose + Glass,0.49 
Note 5 Clear Tpu,0.26 
Note 5 Glass,0.30 
Note 5 PL,0.40 
Note 5 PL + Glass,0.49 
Note 5 PL+Glass,0.50 
Note 5 Red Rose + Glass,0.49 
Note 5 Red Rose+Glass,0.50 
Note 5 TPU +Glass,0.40 
Note 5 Tpu Clear,0.29 
Note 5 TrocpFloral,0.40 
Note 5 TrocpFloral + Glass,0.49 
Note 5 WB,0.40 
Note 5 WB + Glass,0.49 
Note 8 Glass,0.39 
Note 9 Clear Tpu,0.35 
Note Edge Clear Tpu,0.29 
Note4 BB Tower,0.40 
Note4 BB Tower + Glass,0.49 
Note4 Blue BB + Glass,0.49 
Note4 Clear Tpu,0.29 
Note4 Girl Rose,0.40 
Note4 Girl Rose + Glass,0.49 
Note4 Red Rose + Glass,0.49 
Note4 Red&BK Rose + Glass,0.49 
Note4 Tower,0.40 
Note4 Wh BB,0.40 
Note4 Wh BB + Glass,0.49 
Note4 Wh&BK Rose,0.40 
Note4 Wh&BK Rose + Glass,0.49 
Note5 BB,0.39 
Note5 Clear Tpu,0.29 
Note5 Clear Tpu+ Glass,0.40 
Note5 PL,0.39 
Note5 Red Rose +Glass,0.50 
Note5 RF,0.39 
Note5 Spot Purple,0.39 
Note8 BB,0.40 
Note8 BB +Glass,0.59 
Note8 Com Bk,0.39 
Note8 Com Black,0.40 
Note8 Com Black+Glass,0.49 
Note8 PL,0.40 
Note8 PL +Glass,0.59 
Note8 RF +Glass,0.59 
Note8 Tpu Clear,0.29 
Note9 Blue BB,0.40 
Note9 Com black,0.40 
Note9 Red Rose,0.40 
Note9 Tpu Clear,0.34 
On5 Com black,0.40 
Phantom M39021C,0.85 
Phantom M39021G,0.85 
Phanton M39021S,0.90 
Pixel 2 Clear Tpu,0.34 
Pixel clear tpu,0.30 
Pixel2 PL,0.40 
Ram Goat Black M39062,1.99 
Ram Goat Silver M39057S,1.74 
Ram Goat Skeleton M39061,1.99 
Regular I7 Tpu Clear,0.30 
Regular SE Tpu Clear,0.29 
Respirator M33506S,1.30 
Revvl Com Black,0.40 
Revvl Com Blue,0.40 
Revvl Plus BB,0.40 
Revvl Plus BB+ Glass,0.49 
Revvl Plus Com Black,0.40 
Revvl Plus Com Black +Glass,0.49 
Revvl Plus Com Black+glass,0.49 
Revvl Plus Com Blue,0.40 
Revvl Plus Com Blue+glass,0.49 
Revvl Plus Com Red,0.40 
Revvl Plus Com Red+glass,0.49 
Revvl Plus Glass,0.35 
Revvl Plus PL,0.40 
Revvl Plus PL+ Glass,0.49 
Revvl Plus RF,0.40 
Revvl Plus RF+ Glass,0.49 
RevvlPlus BB,0.40 
RevvlPlus BB+Glass,0.49 
RevvlPlus Com Bk+Glass,0.49 
RevvlPlus Com Black,0.40 
RevvlPlus Com Black+ Glass,0.49 
RevvlPlus Com Blue + Glass,0.49 
RevvlPlus Com Blue+Glass,0.49 
RevvlPlus Com Red+ Glass,0.49 
RevvlPlus Com Red+Glass,0.49 
RevvlPlus PL,0.40 
RevvlPlus PL+Glass,0.49 
RevvlPlus RF,0.40 
RevvlPlus RF+Glass,0.49 
S7 Com Bk,0.39 
S7 Com Black,0.39 
S7 Edge Com BK,0.39 
s7 edge com black,0.40 
S7 Edge Com Red,0.39 
S7 Edge Fus Balck,0.34 
S7 Fusion Black,0.34 
S7 Fusion Blue,0.34 
S7Edge BB,0.40 
S7Edge BB +Glass,0.59 
S7Edge Com BK +Glass,0.59 
S7Edge Com Black,0.40 
S7Edge Com Red,0.40 
S7Edge PL,0.40 
S7Edge PL +Glass,0.59 
S7Edge PL+Glass,0.59 
S7Edge RF,0.40 
S8 Active Com Black,0.40 
S8 Com Blue,0.40 
S8 Plus Com Black,0.40 
S8 Plus Com Red,0.40 
S8P Com Red+Glass,0.49 
S8Plus Com Red+Glass,0.49 
S9 com Black,0.40 
S9 Plus clear tpu,0.29 
S9 Plus com Black,0.40 
S9 Plus com Blue,0.40 
S9 Plus com Red,0.40 
S9 Plus Tpu Clear,0.29 
S9 Tpu Clear,0.29 
SamG360 Spot green,0.39 
SamG360 Spot pink,0.39 
SamJ7 PL+Glass,0.49 
SamOn5 Com Black,0.40 
SamOn5 Glass,0.35 
SE Clear bumper,0.29 
SE Tpu Clear Bumper,0.29 
SE TPU CLEAR Corner,0.29 
SE Tpu Clear Regular,0.25 
sunglass rack,0.74 
TSPIP6S GO +case1,0.59 
VENETIAN M6131 Green,0.95 
VENETIAN M6131 Purple,0.95 
VENETIAN M6131 Red,0.95 
VENETIAN M8500 White,0.64 
Wolf M31189S,0.95 
Z2 Force Clear Tpu,0.34 
z2 Play Clear Tpu,0.34 
z2 play com Black+Glass,0.49 
Z2 Play PL+Glass,0.59 
Zte Grand X4 Com Blue,0.40 
Zte Grand X4 Com Red,0.40 
Zte X4 BtfBiss,0.40 
Zte X4 PL,0.40 
Zte X4 TrocpFloral,0.40 
ZTE Z982 Clear Tpu,0.34 
ZteBladeZMax BB + Glass,0.49 
ZteBladeZMax BB + Glass1,0.49 
ZteBladeZMax BB1,0.40 
ZteBladeZMax Com Black,0.40 
ZteBladeZMax Com Black+ Glass,0.49 
ZteBladeZMax Com Black1,0.40 
ZteBladeZMax Com Black1 Glass,0.49 
ZteBladeZMax Com Blue,0.40 
ZteBladeZMax Com Blue+ Glass,0.49 
ZteBladeZMax Com Red,0.40 
ZteBladeZMax Com Red+ Glass,0.49 
ZteBladeZMax PL + Glass,0.49 
ZteBladeZMax PL + Glass1,0.49 
ZteBladeZMax PL + Glass3,0.49 
ZteBladeZMax WB + Glass,0.49 
ZteKirk Bling Pink,0.39 
ZteLever Bling Pink,0.39 
ZteMaven2 BitBiss,0.40 
ZteMaven2 TrocpFloral,0.40 
ZteMax XL BB,0.40 
ZteMax XL BB +Glass,0.49 
ZteMax Xl BB+Glass,0.49 
ZteMax XL BB1 +Glass1,0.49 
ZteMax XL ComBK,0.40 
ZteMax XL ComBK +Glass,0.49 
ZteMax XL ComBK +Glass1,0.49 
ZteMax XL ComRed +Glass,0.49 
ZteMax XL PL,0.40 
ZteMax Xl PL +Glass,0.49 
ZteMax Xl RF,0.40 
ZteMax XL RF +Glass,0.49 
ZteMax XL RF +Glass1,0.49 
ZteMax Xl RF+Glass,0.49 
ZteTempoX BB,0.40 
ZteTempoX BB1,0.40 
ZteTempoX BB1+Glass,0.49 
ZteTempoX PL,0.40 
ZteTempoX PL1,0.40 
ZteTempoX PL1+Glass,0.49 
ZteTempoX RF1,0.40 
ZteX4 BB+Glass,0.49 
ZteX4 BB+Glass1,0.49 
ZTEX4 Bitbiss +Glass,0.49 
ZTEX4 Bitbiss +Glass1,0.49 
ZTEX4 COM BK +Glass1,0.49 
ZteX4 Com Black,0.40 
ZteX4 Com Black+Glass,0.49 
ZteX4 Com Black1,0.40 
ZteX4 Com Black1+Glass,0.49 
ZteX4 Com Blue,0.40 
ZteX4 Com Blue +Glass,0.49 
ZTEX4 COM Blue +Glass1,0.49 
ZteX4 Com Blue+Glass,0.49 
ZteX4 Com Blue+Glass1,0.49 
ZteX4 Com Blue1+Glass,0.49 
ZteX4 Com Red,0.40 
ZteX4 Com Red +Glass,0.49 
ZteX4 Com Red+Glass,0.49 
ZteX4 Com Red1+Glass,0.49 
ZTEX4 Glass,0.35 
ZTEX4 Glass1,0.35 
ZTEX4 Green+Glass,0.49 
ZTEX4 Green+Glass1,0.49 
ZTEX4 PL +Glass,0.49 
ZTEX4 PL +Glass1,0.49 
ZteX4 PL+Glass,0.49 
ZteX4 PL+Glass1,0.49 
ZteX4 RF+Glass,0.49 
ZTEX4 WB +Glass1,0.49 
ZteZ982 BB,0.40 
ZteZ982 BB + Glass,0.49 
ZtezmaxPro BB,0.40 
ZtezmaxPro BB + Glass,0.49 
ZtezmaxPro BB + Glass1,0.49 
ZtezmaxPro BB + Glass2,0.49 
ZtezmaxPro BB 1,0.40 
ZtezmaxPro BB 2,0.40 
ZtezmaxPro Com Bk +Glass,0.49 
ZtezmaxPro com Black,0.36 
ZtezmaxPro com Black1,0.40 
ZtezmaxPro com Black2,0.36 
ZtezmaxPro ComBK+ Glass,0.49 
ZtezmaxPro ComBK+ Glass1,0.49 
ZtezmaxPro ComBK+ Glass2,0.49 
ZtezmaxPro PL,0.40 
ZtezmaxPro PL + Glass,0.49 
ZtezmaxPro PL + Glass1,0.49 
ZtezmaxPro PL + Glass2,0.49 
ZtezmaxPro PL 1,0.40 
ZtezmaxPro PL 2,0.40 
ZtezmaxPro RF,0.40 
ZtezmaxPro RF + Glass,0.49 
ZtezmaxPro RF + Glass1,0.49 
ZtezmaxPro RF + Glass2,0.49 
ZtezmaxPro RF 1,0.40 
ZtezmaxPro RF 2,0.40 
ZtezmxaPro Com Black,0.40 
ZteZmxPro Com Black,0.40 
ZteZmxPro Com Black1,0.36 
ZteZmxPro Com Red,0.40 
